ProductCategory,PhotoName,Link
Phone Case,Starry Night Over the Rhône_Samsung Galaxy S23 Ultra_01.jpg,https://raw.githubusercontent.com/SageCat/noon-images/main/images/noon/PhoneCase/Starry%20Night%20Over%20the%20Rhône_Samsung%20Galaxy%20S23%20Ultra_01.jpg
Phone Case,Starry Night Over the Rhône_Samsung Galaxy S23 Ultra_02.jpg,https://raw.githubusercontent.com/SageCat/noon-images/main/images/noon/PhoneCase/Starry%20Night%20Over%20the%20Rhône_Samsung%20Galaxy%20S23%20Ultra_02.jpg
Phone Case,Starry Night Over the Rhône_Samsung Galaxy S23 Ultra_Features.jpg,https://raw.githubusercontent.com/SageCat/noon-images/main/images/noon/PhoneCase/Starry%20Night%20Over%20the%20Rhône_Samsung%20Galaxy%20S23%20Ultra_Features.jpg
Phone Case,Starry Night Over the Rhône_Samsung Galaxy S23 Ultra_Light and Thin.jpg,https://raw.githubusercontent.com/SageCat/noon-images/main/images/noon/PhoneCase/Starry%20Night%20Over%20the%20Rhône_Samsung%20Galaxy%20S23%20Ultra_Light%20and%20Thin.jpg
Phone Case,Starry Night Over the Rhône_Samsung Galaxy S23+_01.jpg,https://raw.githubusercontent.com/SageCat/noon-images/main/images/noon/PhoneCase/Starry%20Night%20Over%20the%20Rhône_Samsung%20Galaxy%20S23+_01.jpg
Phone Case,Starry Night Over the Rhône_Samsung Galaxy S23+_02.jpg,https://raw.githubusercontent.com/SageCat/noon-images/main/images/noon/PhoneCase/Starry%20Night%20Over%20the%20Rhône_Samsung%20Galaxy%20S23+_02.jpg
Phone Case,Starry Night Over the Rhône_Samsung Galaxy S23+_Features.jpg,https://raw.githubusercontent.com/SageCat/noon-images/main/images/noon/PhoneCase/Starry%20Night%20Over%20the%20Rhône_Samsung%20Galaxy%20S23+_Features.jpg
Phone Case,Starry Night Over the Rhône_Samsung Galaxy S23+_Light and Thin.jpg,https://raw.githubusercontent.com/SageCat/noon-images/main/images/noon/PhoneCase/Starry%20Night%20Over%20the%20Rhône_Samsung%20Galaxy%20S23+_Light%20and%20Thin.jpg
Phone Case,Starry Night Over the Rhône_Samsung Galaxy S24 Ultra_01.jpg,https://raw.githubusercontent.com/SageCat/noon-images/main/images/noon/PhoneCase/Starry%20Night%20Over%20the%20Rhône_Samsung%20Galaxy%20S24%20Ultra_01.jpg
Phone Case,Starry Night Over the Rhône_Samsung Galaxy S24 Ultra_02.jpg,https://raw.githubusercontent.com/SageCat/noon-images/main/images/noon/PhoneCase/Starry%20Night%20Over%20the%20Rhône_Samsung%20Galaxy%20S24%20Ultra_02.jpg
Phone Case,Starry Night Over the Rhône_Samsung Galaxy S24 Ultra_Features.jpg,https://raw.githubusercontent.com/SageCat/noon-images/main/images/noon/PhoneCase/Starry%20Night%20Over%20the%20Rhône_Samsung%20Galaxy%20S24%20Ultra_Features.jpg
Phone Case,Starry Night Over the Rhône_Samsung Galaxy S24 Ultra_Light and Thin.jpg,https://raw.githubusercontent.com/SageCat/noon-images/main/images/noon/PhoneCase/Starry%20Night%20Over%20the%20Rhône_Samsung%20Galaxy%20S24%20Ultra_Light%20and%20Thin.jpg
Phone Case,Starry Night Over the Rhône_Samsung Galaxy S24+_01.jpg,https://raw.githubusercontent.com/SageCat/noon-images/main/images/noon/PhoneCase/Starry%20Night%20Over%20the%20Rhône_Samsung%20Galaxy%20S24+_01.jpg
Phone Case,Starry Night Over the Rhône_Samsung Galaxy S24+_02.jpg,https://raw.githubusercontent.com/SageCat/noon-images/main/images/noon/PhoneCase/Starry%20Night%20Over%20the%20Rhône_Samsung%20Galaxy%20S24+_02.jpg
Phone Case,Starry Night Over the Rhône_Samsung Galaxy S24+_Features.jpg,https://raw.githubusercontent.com/SageCat/noon-images/main/images/noon/PhoneCase/Starry%20Night%20Over%20the%20Rhône_Samsung%20Galaxy%20S24+_Features.jpg
Phone Case,Starry Night Over the Rhône_Samsung Galaxy S24+_Light and Thin.jpg,https://raw.githubusercontent.com/SageCat/noon-images/main/images/noon/PhoneCase/Starry%20Night%20Over%20the%20Rhône_Samsung%20Galaxy%20S24+_Light%20and%20Thin.jpg
Phone Case,Starry Night Over the Rhône_iPhone 14 Pro_01.jpg,https://raw.githubusercontent.com/SageCat/noon-images/main/images/noon/PhoneCase/Starry%20Night%20Over%20the%20Rhône_iPhone%2014%20Pro_01.jpg
Phone Case,Starry Night Over the Rhône_iPhone 14 Pro_02.jpg,https://raw.githubusercontent.com/SageCat/noon-images/main/images/noon/PhoneCase/Starry%20Night%20Over%20the%20Rhône_iPhone%2014%20Pro_02.jpg
Phone Case,Starry Night Over the Rhône_iPhone 14 Pro_Features.jpg,https://raw.githubusercontent.com/SageCat/noon-images/main/images/noon/PhoneCase/Starry%20Night%20Over%20the%20Rhône_iPhone%2014%20Pro_Features.jpg
Phone Case,Starry Night Over the Rhône_iPhone 14 Pro_Light and Thin.jpg,https://raw.githubusercontent.com/SageCat/noon-images/main/images/noon/PhoneCase/Starry%20Night%20Over%20the%20Rhône_iPhone%2014%20Pro_Light%20and%20Thin.jpg
Phone Case,Starry Night Over the Rhône_iPhone 14_01.jpg,https://raw.githubusercontent.com/SageCat/noon-images/main/images/noon/PhoneCase/Starry%20Night%20Over%20the%20Rhône_iPhone%2014_01.jpg
Phone Case,Starry Night Over the Rhône_iPhone 14_02.jpg,https://raw.githubusercontent.com/SageCat/noon-images/main/images/noon/PhoneCase/Starry%20Night%20Over%20the%20Rhône_iPhone%2014_02.jpg
Phone Case,Starry Night Over the Rhône_iPhone 14_Features.jpg,https://raw.githubusercontent.com/SageCat/noon-images/main/images/noon/PhoneCase/Starry%20Night%20Over%20the%20Rhône_iPhone%2014_Features.jpg
Phone Case,Starry Night Over the Rhône_iPhone 14_Light and Thin.jpg,https://raw.githubusercontent.com/SageCat/noon-images/main/images/noon/PhoneCase/Starry%20Night%20Over%20the%20Rhône_iPhone%2014_Light%20and%20Thin.jpg
Phone Case,Starry Night Over the Rhône_iPhone 15 Pro Max_01.jpg,https://raw.githubusercontent.com/SageCat/noon-images/main/images/noon/PhoneCase/Starry%20Night%20Over%20the%20Rhône_iPhone%2015%20Pro%20Max_01.jpg
Phone Case,Starry Night Over the Rhône_iPhone 15 Pro Max_02.jpg,https://raw.githubusercontent.com/SageCat/noon-images/main/images/noon/PhoneCase/Starry%20Night%20Over%20the%20Rhône_iPhone%2015%20Pro%20Max_02.jpg
Phone Case,Starry Night Over the Rhône_iPhone 15 Pro Max_Features.jpg,https://raw.githubusercontent.com/SageCat/noon-images/main/images/noon/PhoneCase/Starry%20Night%20Over%20the%20Rhône_iPhone%2015%20Pro%20Max_Features.jpg
Phone Case,Starry Night Over the Rhône_iPhone 15 Pro Max_Light and Thin.jpg,https://raw.githubusercontent.com/SageCat/noon-images/main/images/noon/PhoneCase/Starry%20Night%20Over%20the%20Rhône_iPhone%2015%20Pro%20Max_Light%20and%20Thin.jpg
Phone Case,Starry Night Over the Rhône_iPhone 15 Pro_01.jpg,https://raw.githubusercontent.com/SageCat/noon-images/main/images/noon/PhoneCase/Starry%20Night%20Over%20the%20Rhône_iPhone%2015%20Pro_01.jpg
Phone Case,Starry Night Over the Rhône_iPhone 15 Pro_02.jpg,https://raw.githubusercontent.com/SageCat/noon-images/main/images/noon/PhoneCase/Starry%20Night%20Over%20the%20Rhône_iPhone%2015%20Pro_02.jpg
Phone Case,Starry Night Over the Rhône_iPhone 15 Pro_Features.jpg,https://raw.githubusercontent.com/SageCat/noon-images/main/images/noon/PhoneCase/Starry%20Night%20Over%20the%20Rhône_iPhone%2015%20Pro_Features.jpg
Phone Case,Starry Night Over the Rhône_iPhone 15 Pro_Light and Thin.jpg,https://raw.githubusercontent.com/SageCat/noon-images/main/images/noon/PhoneCase/Starry%20Night%20Over%20the%20Rhône_iPhone%2015%20Pro_Light%20and%20Thin.jpg
Phone Case,Starry Night Over the Rhône_iPhone 15_01.jpg,https://raw.githubusercontent.com/SageCat/noon-images/main/images/noon/PhoneCase/Starry%20Night%20Over%20the%20Rhône_iPhone%2015_01.jpg
Phone Case,Starry Night Over the Rhône_iPhone 15_02.jpg,https://raw.githubusercontent.com/SageCat/noon-images/main/images/noon/PhoneCase/Starry%20Night%20Over%20the%20Rhône_iPhone%2015_02.jpg
Phone Case,Starry Night Over the Rhône_iPhone 15_Features.jpg,https://raw.githubusercontent.com/SageCat/noon-images/main/images/noon/PhoneCase/Starry%20Night%20Over%20the%20Rhône_iPhone%2015_Features.jpg
Phone Case,Starry Night Over the Rhône_iPhone 15_Light and Thin.jpg,https://raw.githubusercontent.com/SageCat/noon-images/main/images/noon/PhoneCase/Starry%20Night%20Over%20the%20Rhône_iPhone%2015_Light%20and%20Thin.jpg
Phone Case,Starry Night_Samsung Galaxy S23 Ultra_01.jpg,https://raw.githubusercontent.com/SageCat/noon-images/main/images/noon/PhoneCase/Starry%20Night_Samsung%20Galaxy%20S23%20Ultra_01.jpg
Phone Case,Starry Night_Samsung Galaxy S23 Ultra_02.jpg,https://raw.githubusercontent.com/SageCat/noon-images/main/images/noon/PhoneCase/Starry%20Night_Samsung%20Galaxy%20S23%20Ultra_02.jpg
Phone Case,Starry Night_Samsung Galaxy S23 Ultra_Features.jpg,https://raw.githubusercontent.com/SageCat/noon-images/main/images/noon/PhoneCase/Starry%20Night_Samsung%20Galaxy%20S23%20Ultra_Features.jpg
Phone Case,Starry Night_Samsung Galaxy S23 Ultra_Light and Thin.jpg,https://raw.githubusercontent.com/SageCat/noon-images/main/images/noon/PhoneCase/Starry%20Night_Samsung%20Galaxy%20S23%20Ultra_Light%20and%20Thin.jpg
Phone Case,Starry Night_Samsung Galaxy S23+_01.jpg,https://raw.githubusercontent.com/SageCat/noon-images/main/images/noon/PhoneCase/Starry%20Night_Samsung%20Galaxy%20S23+_01.jpg
Phone Case,Starry Night_Samsung Galaxy S23+_02.jpg,https://raw.githubusercontent.com/SageCat/noon-images/main/images/noon/PhoneCase/Starry%20Night_Samsung%20Galaxy%20S23+_02.jpg
Phone Case,Starry Night_Samsung Galaxy S23+_Features.jpg,https://raw.githubusercontent.com/SageCat/noon-images/main/images/noon/PhoneCase/Starry%20Night_Samsung%20Galaxy%20S23+_Features.jpg
Phone Case,Starry Night_Samsung Galaxy S23+_Light and Thin.jpg,https://raw.githubusercontent.com/SageCat/noon-images/main/images/noon/PhoneCase/Starry%20Night_Samsung%20Galaxy%20S23+_Light%20and%20Thin.jpg
Phone Case,Starry Night_Samsung Galaxy S24 Ultra_01.jpg,https://raw.githubusercontent.com/SageCat/noon-images/main/images/noon/PhoneCase/Starry%20Night_Samsung%20Galaxy%20S24%20Ultra_01.jpg
Phone Case,Starry Night_Samsung Galaxy S24 Ultra_02.jpg,https://raw.githubusercontent.com/SageCat/noon-images/main/images/noon/PhoneCase/Starry%20Night_Samsung%20Galaxy%20S24%20Ultra_02.jpg
Phone Case,Starry Night_Samsung Galaxy S24 Ultra_Features.jpg,https://raw.githubusercontent.com/SageCat/noon-images/main/images/noon/PhoneCase/Starry%20Night_Samsung%20Galaxy%20S24%20Ultra_Features.jpg
Phone Case,Starry Night_Samsung Galaxy S24 Ultra_Light and Thin.jpg,https://raw.githubusercontent.com/SageCat/noon-images/main/images/noon/PhoneCase/Starry%20Night_Samsung%20Galaxy%20S24%20Ultra_Light%20and%20Thin.jpg
Phone Case,Starry Night_Samsung Galaxy S24+_01.jpg,https://raw.githubusercontent.com/SageCat/noon-images/main/images/noon/PhoneCase/Starry%20Night_Samsung%20Galaxy%20S24+_01.jpg
Phone Case,Starry Night_Samsung Galaxy S24+_02.jpg,https://raw.githubusercontent.com/SageCat/noon-images/main/images/noon/PhoneCase/Starry%20Night_Samsung%20Galaxy%20S24+_02.jpg
Phone Case,Starry Night_Samsung Galaxy S24+_Features.jpg,https://raw.githubusercontent.com/SageCat/noon-images/main/images/noon/PhoneCase/Starry%20Night_Samsung%20Galaxy%20S24+_Features.jpg
Phone Case,Starry Night_Samsung Galaxy S24+_Light and Thin.jpg,https://raw.githubusercontent.com/SageCat/noon-images/main/images/noon/PhoneCase/Starry%20Night_Samsung%20Galaxy%20S24+_Light%20and%20Thin.jpg
Phone Case,Starry Night_iPhone 14 Pro_01.jpg,https://raw.githubusercontent.com/SageCat/noon-images/main/images/noon/PhoneCase/Starry%20Night_iPhone%2014%20Pro_01.jpg
Phone Case,Starry Night_iPhone 14 Pro_02.jpg,https://raw.githubusercontent.com/SageCat/noon-images/main/images/noon/PhoneCase/Starry%20Night_iPhone%2014%20Pro_02.jpg
Phone Case,Starry Night_iPhone 14 Pro_Features.jpg,https://raw.githubusercontent.com/SageCat/noon-images/main/images/noon/PhoneCase/Starry%20Night_iPhone%2014%20Pro_Features.jpg
Phone Case,Starry Night_iPhone 14 Pro_Light and Thin.jpg,https://raw.githubusercontent.com/SageCat/noon-images/main/images/noon/PhoneCase/Starry%20Night_iPhone%2014%20Pro_Light%20and%20Thin.jpg
Phone Case,Starry Night_iPhone 14_01.jpg,https://raw.githubusercontent.com/SageCat/noon-images/main/images/noon/PhoneCase/Starry%20Night_iPhone%2014_01.jpg
Phone Case,Starry Night_iPhone 14_02.jpg,https://raw.githubusercontent.com/SageCat/noon-images/main/images/noon/PhoneCase/Starry%20Night_iPhone%2014_02.jpg
Phone Case,Starry Night_iPhone 14_Features.jpg,https://raw.githubusercontent.com/SageCat/noon-images/main/images/noon/PhoneCase/Starry%20Night_iPhone%2014_Features.jpg
Phone Case,Starry Night_iPhone 14_Light and Thin.jpg,https://raw.githubusercontent.com/SageCat/noon-images/main/images/noon/PhoneCase/Starry%20Night_iPhone%2014_Light%20and%20Thin.jpg
Phone Case,Starry Night_iPhone 15 Pro Max_01.jpg,https://raw.githubusercontent.com/SageCat/noon-images/main/images/noon/PhoneCase/Starry%20Night_iPhone%2015%20Pro%20Max_01.jpg
Phone Case,Starry Night_iPhone 15 Pro Max_02.jpg,https://raw.githubusercontent.com/SageCat/noon-images/main/images/noon/PhoneCase/Starry%20Night_iPhone%2015%20Pro%20Max_02.jpg
Phone Case,Starry Night_iPhone 15 Pro Max_Features.jpg,https://raw.githubusercontent.com/SageCat/noon-images/main/images/noon/PhoneCase/Starry%20Night_iPhone%2015%20Pro%20Max_Features.jpg
Phone Case,Starry Night_iPhone 15 Pro Max_Light and Thin.jpg,https://raw.githubusercontent.com/SageCat/noon-images/main/images/noon/PhoneCase/Starry%20Night_iPhone%2015%20Pro%20Max_Light%20and%20Thin.jpg
Phone Case,Starry Night_iPhone 15 Pro_01.jpg,https://raw.githubusercontent.com/SageCat/noon-images/main/images/noon/PhoneCase/Starry%20Night_iPhone%2015%20Pro_01.jpg
Phone Case,Starry Night_iPhone 15 Pro_02.jpg,https://raw.githubusercontent.com/SageCat/noon-images/main/images/noon/PhoneCase/Starry%20Night_iPhone%2015%20Pro_02.jpg
Phone Case,Starry Night_iPhone 15 Pro_Features.jpg,https://raw.githubusercontent.com/SageCat/noon-images/main/images/noon/PhoneCase/Starry%20Night_iPhone%2015%20Pro_Features.jpg
Phone Case,Starry Night_iPhone 15 Pro_Light and Thin.jpg,https://raw.githubusercontent.com/SageCat/noon-images/main/images/noon/PhoneCase/Starry%20Night_iPhone%2015%20Pro_Light%20and%20Thin.jpg
Phone Case,Starry Night_iPhone 15_01.jpg,https://raw.githubusercontent.com/SageCat/noon-images/main/images/noon/PhoneCase/Starry%20Night_iPhone%2015_01.jpg
Phone Case,Starry Night_iPhone 15_02.jpg,https://raw.githubusercontent.com/SageCat/noon-images/main/images/noon/PhoneCase/Starry%20Night_iPhone%2015_02.jpg
Phone Case,Starry Night_iPhone 15_Features.jpg,https://raw.githubusercontent.com/SageCat/noon-images/main/images/noon/PhoneCase/Starry%20Night_iPhone%2015_Features.jpg
Phone Case,Starry Night_iPhone 15_Light and Thin.jpg,https://raw.githubusercontent.com/SageCat/noon-images/main/images/noon/PhoneCase/Starry%20Night_iPhone%2015_Light%20and%20Thin.jpg
Phone Case,Sunrise Impression_Samsung Galaxy S23 Ultra_01.jpg,https://raw.githubusercontent.com/SageCat/noon-images/main/images/noon/PhoneCase/Sunrise%20Impression_Samsung%20Galaxy%20S23%20Ultra_01.jpg
Phone Case,Sunrise Impression_Samsung Galaxy S23 Ultra_02.jpg,https://raw.githubusercontent.com/SageCat/noon-images/main/images/noon/PhoneCase/Sunrise%20Impression_Samsung%20Galaxy%20S23%20Ultra_02.jpg
Phone Case,Sunrise Impression_Samsung Galaxy S23 Ultra_Fratures.jpg,https://raw.githubusercontent.com/SageCat/noon-images/main/images/noon/PhoneCase/Sunrise%20Impression_Samsung%20Galaxy%20S23%20Ultra_Fratures.jpg
Phone Case,Sunrise Impression_Samsung Galaxy S23 Ultra_Light and Thin.jpg,https://raw.githubusercontent.com/SageCat/noon-images/main/images/noon/PhoneCase/Sunrise%20Impression_Samsung%20Galaxy%20S23%20Ultra_Light%20and%20Thin.jpg
Phone Case,Sunrise Impression_Samsung Galaxy S23+_01.jpg,https://raw.githubusercontent.com/SageCat/noon-images/main/images/noon/PhoneCase/Sunrise%20Impression_Samsung%20Galaxy%20S23+_01.jpg
Phone Case,Sunrise Impression_Samsung Galaxy S23+_02.jpg,https://raw.githubusercontent.com/SageCat/noon-images/main/images/noon/PhoneCase/Sunrise%20Impression_Samsung%20Galaxy%20S23+_02.jpg
Phone Case,Sunrise Impression_Samsung Galaxy S23+_Features.jpg,https://raw.githubusercontent.com/SageCat/noon-images/main/images/noon/PhoneCase/Sunrise%20Impression_Samsung%20Galaxy%20S23+_Features.jpg
Phone Case,Sunrise Impression_Samsung Galaxy S23+_Light and Thin.jpg,https://raw.githubusercontent.com/SageCat/noon-images/main/images/noon/PhoneCase/Sunrise%20Impression_Samsung%20Galaxy%20S23+_Light%20and%20Thin.jpg
Phone Case,Sunrise Impression_Samsung Galaxy S24 Ultra_01.jpg,https://raw.githubusercontent.com/SageCat/noon-images/main/images/noon/PhoneCase/Sunrise%20Impression_Samsung%20Galaxy%20S24%20Ultra_01.jpg
Phone Case,Sunrise Impression_Samsung Galaxy S24 Ultra_02.jpg,https://raw.githubusercontent.com/SageCat/noon-images/main/images/noon/PhoneCase/Sunrise%20Impression_Samsung%20Galaxy%20S24%20Ultra_02.jpg
Phone Case,Sunrise Impression_Samsung Galaxy S24 Ultra_Fratures.jpg,https://raw.githubusercontent.com/SageCat/noon-images/main/images/noon/PhoneCase/Sunrise%20Impression_Samsung%20Galaxy%20S24%20Ultra_Fratures.jpg
Phone Case,Sunrise Impression_Samsung Galaxy S24 Ultra_Light and Thin.jpg,https://raw.githubusercontent.com/SageCat/noon-images/main/images/noon/PhoneCase/Sunrise%20Impression_Samsung%20Galaxy%20S24%20Ultra_Light%20and%20Thin.jpg
Phone Case,Sunrise Impression_Samsung Galaxy S24+_01.jpg,https://raw.githubusercontent.com/SageCat/noon-images/main/images/noon/PhoneCase/Sunrise%20Impression_Samsung%20Galaxy%20S24+_01.jpg
Phone Case,Sunrise Impression_Samsung Galaxy S24+_02.jpg,https://raw.githubusercontent.com/SageCat/noon-images/main/images/noon/PhoneCase/Sunrise%20Impression_Samsung%20Galaxy%20S24+_02.jpg
Phone Case,Sunrise Impression_Samsung Galaxy S24+_Features.jpg,https://raw.githubusercontent.com/SageCat/noon-images/main/images/noon/PhoneCase/Sunrise%20Impression_Samsung%20Galaxy%20S24+_Features.jpg
Phone Case,Sunrise Impression_Samsung Galaxy S24+_Light and Thin.jpg,https://raw.githubusercontent.com/SageCat/noon-images/main/images/noon/PhoneCase/Sunrise%20Impression_Samsung%20Galaxy%20S24+_Light%20and%20Thin.jpg
Phone Case,Sunrise Impression_iPhone 14 Pro_01.jpg,https://raw.githubusercontent.com/SageCat/noon-images/main/images/noon/PhoneCase/Sunrise%20Impression_iPhone%2014%20Pro_01.jpg
Phone Case,Sunrise Impression_iPhone 14 Pro_02.jpg,https://raw.githubusercontent.com/SageCat/noon-images/main/images/noon/PhoneCase/Sunrise%20Impression_iPhone%2014%20Pro_02.jpg
Phone Case,Sunrise Impression_iPhone 14 Pro_Features.jpg,https://raw.githubusercontent.com/SageCat/noon-images/main/images/noon/PhoneCase/Sunrise%20Impression_iPhone%2014%20Pro_Features.jpg
Phone Case,Sunrise Impression_iPhone 14 Pro_Light and Thin.jpg,https://raw.githubusercontent.com/SageCat/noon-images/main/images/noon/PhoneCase/Sunrise%20Impression_iPhone%2014%20Pro_Light%20and%20Thin.jpg
Phone Case,Sunrise Impression_iPhone 14_01.jpg,https://raw.githubusercontent.com/SageCat/noon-images/main/images/noon/PhoneCase/Sunrise%20Impression_iPhone%2014_01.jpg
Phone Case,Sunrise Impression_iPhone 14_02.jpg,https://raw.githubusercontent.com/SageCat/noon-images/main/images/noon/PhoneCase/Sunrise%20Impression_iPhone%2014_02.jpg
Phone Case,Sunrise Impression_iPhone 14_Features.jpg,https://raw.githubusercontent.com/SageCat/noon-images/main/images/noon/PhoneCase/Sunrise%20Impression_iPhone%2014_Features.jpg
Phone Case,Sunrise Impression_iPhone 14_Light and Thin.jpg,https://raw.githubusercontent.com/SageCat/noon-images/main/images/noon/PhoneCase/Sunrise%20Impression_iPhone%2014_Light%20and%20Thin.jpg
Phone Case,Sunrise Impression_iPhone 15 Pro Max_01.jpg,https://raw.githubusercontent.com/SageCat/noon-images/main/images/noon/PhoneCase/Sunrise%20Impression_iPhone%2015%20Pro%20Max_01.jpg
Phone Case,Sunrise Impression_iPhone 15 Pro Max_02.jpg,https://raw.githubusercontent.com/SageCat/noon-images/main/images/noon/PhoneCase/Sunrise%20Impression_iPhone%2015%20Pro%20Max_02.jpg
Phone Case,Sunrise Impression_iPhone 15 Pro Max_Features.jpg,https://raw.githubusercontent.com/SageCat/noon-images/main/images/noon/PhoneCase/Sunrise%20Impression_iPhone%2015%20Pro%20Max_Features.jpg
Phone Case,Sunrise Impression_iPhone 15 Pro Max_Light and Thin.jpg,https://raw.githubusercontent.com/SageCat/noon-images/main/images/noon/PhoneCase/Sunrise%20Impression_iPhone%2015%20Pro%20Max_Light%20and%20Thin.jpg
Phone Case,Sunrise Impression_iPhone 15 Pro_01.jpg,https://raw.githubusercontent.com/SageCat/noon-images/main/images/noon/PhoneCase/Sunrise%20Impression_iPhone%2015%20Pro_01.jpg
Phone Case,Sunrise Impression_iPhone 15 Pro_02.jpg,https://raw.githubusercontent.com/SageCat/noon-images/main/images/noon/PhoneCase/Sunrise%20Impression_iPhone%2015%20Pro_02.jpg
Phone Case,Sunrise Impression_iPhone 15 Pro_Features.jpg,https://raw.githubusercontent.com/SageCat/noon-images/main/images/noon/PhoneCase/Sunrise%20Impression_iPhone%2015%20Pro_Features.jpg
Phone Case,Sunrise Impression_iPhone 15 Pro_Light and Thin.jpg,https://raw.githubusercontent.com/SageCat/noon-images/main/images/noon/PhoneCase/Sunrise%20Impression_iPhone%2015%20Pro_Light%20and%20Thin.jpg
Phone Case,Sunrise Impression_iPhone 15_01.jpg,https://raw.githubusercontent.com/SageCat/noon-images/main/images/noon/PhoneCase/Sunrise%20Impression_iPhone%2015_01.jpg
Phone Case,Sunrise Impression_iPhone 15_02.jpg,https://raw.githubusercontent.com/SageCat/noon-images/main/images/noon/PhoneCase/Sunrise%20Impression_iPhone%2015_02.jpg
Phone Case,Sunrise Impression_iPhone 15_Features.jpg,https://raw.githubusercontent.com/SageCat/noon-images/main/images/noon/PhoneCase/Sunrise%20Impression_iPhone%2015_Features.jpg
Phone Case,Sunrise Impression_iPhone 15_Light and Thin.jpg,https://raw.githubusercontent.com/SageCat/noon-images/main/images/noon/PhoneCase/Sunrise%20Impression_iPhone%2015_Light%20and%20Thin.jpg
Tote Bag,canvas_tote_bag_monet_sunrise_impression_1.jpg,https://raw.githubusercontent.com/SageCat/noon-images/main/images/noon/ToteBag/production/canvas_tote_bag_monet_sunrise_impression_1.jpg
Tote Bag,canvas_tote_bag_monet_sunrise_impression_dimension.jpg,https://raw.githubusercontent.com/SageCat/noon-images/main/images/noon/ToteBag/production/canvas_tote_bag_monet_sunrise_impression_dimension.jpg
Tote Bag,canvas_tote_bag_monet_water_lilies_1.jpg,https://raw.githubusercontent.com/SageCat/noon-images/main/images/noon/ToteBag/production/canvas_tote_bag_monet_water_lilies_1.jpg
Tote Bag,canvas_tote_bag_monet_water_lilies_dimension.jpg,https://raw.githubusercontent.com/SageCat/noon-images/main/images/noon/ToteBag/production/canvas_tote_bag_monet_water_lilies_dimension.jpg
Tote Bag,canvas_tote_bag_van_gogh_almond_blossoms_1.jpg,https://raw.githubusercontent.com/SageCat/noon-images/main/images/noon/ToteBag/production/canvas_tote_bag_van_gogh_almond_blossoms_1.jpg
Tote Bag,canvas_tote_bag_van_gogh_almond_blossoms_dimension.jpg,https://raw.githubusercontent.com/SageCat/noon-images/main/images/noon/ToteBag/production/canvas_tote_bag_van_gogh_almond_blossoms_dimension.jpg
Tote Bag,canvas_tote_bag_van_gogh_cafe_terrace_at_night_shop_1.jpg,https://raw.githubusercontent.com/SageCat/noon-images/main/images/noon/ToteBag/production/canvas_tote_bag_van_gogh_cafe_terrace_at_night_shop_1.jpg
Tote Bag,canvas_tote_bag_van_gogh_cafe_terrace_at_night_shop_dimension.jpg,https://raw.githubusercontent.com/SageCat/noon-images/main/images/noon/ToteBag/production/canvas_tote_bag_van_gogh_cafe_terrace_at_night_shop_dimension.jpg
Tote Bag,canvas_tote_bag_van_gogh_starry_night_1.jpg,https://raw.githubusercontent.com/SageCat/noon-images/main/images/noon/ToteBag/production/canvas_tote_bag_van_gogh_starry_night_1.jpg
Tote Bag,canvas_tote_bag_van_gogh_starry_night_dimension.jpg,https://raw.githubusercontent.com/SageCat/noon-images/main/images/noon/ToteBag/production/canvas_tote_bag_van_gogh_starry_night_dimension.jpg
Tote Bag,canvas_tote_bag_van_gogh_sunflowers_1.jpg,https://raw.githubusercontent.com/SageCat/noon-images/main/images/noon/ToteBag/production/canvas_tote_bag_van_gogh_sunflowers_1.jpg
Tote Bag,canvas_tote_bag_van_gogh_sunflowers_dimension.jpg,https://raw.githubusercontent.com/SageCat/noon-images/main/images/noon/ToteBag/production/canvas_tote_bag_van_gogh_sunflowers_dimension.jpg
Card Holder Van Gogh,Card Holder with Lanyard - Van Gogh - Almond Blossoms - 1.jpg,https://raw.githubusercontent.com/SageCat/noon-images/main/images/noon/CardHolder/production/Van%20Gogh/Card%20Holder%20with%20Lanyard%20-%20Van%20Gogh%20-%20Almond%20Blossoms%20-%201.jpg
Card Holder Van Gogh,Card Holder with Lanyard - Van Gogh - Almond Blossoms - 2.jpg,https://raw.githubusercontent.com/SageCat/noon-images/main/images/noon/CardHolder/production/Van%20Gogh/Card%20Holder%20with%20Lanyard%20-%20Van%20Gogh%20-%20Almond%20Blossoms%20-%202.jpg
Card Holder Van Gogh,Card Holder with Lanyard - Van Gogh - Almond Blossoms - 3.jpg,https://raw.githubusercontent.com/SageCat/noon-images/main/images/noon/CardHolder/production/Van%20Gogh/Card%20Holder%20with%20Lanyard%20-%20Van%20Gogh%20-%20Almond%20Blossoms%20-%203.jpg
Card Holder Van Gogh,Card Holder with Lanyard - Van Gogh - Almond Blossoms - 4.jpg,https://raw.githubusercontent.com/SageCat/noon-images/main/images/noon/CardHolder/production/Van%20Gogh/Card%20Holder%20with%20Lanyard%20-%20Van%20Gogh%20-%20Almond%20Blossoms%20-%204.jpg
Card Holder Van Gogh,Card Holder with Lanyard - Van Gogh - Starry Night A - 1.jpg,https://raw.githubusercontent.com/SageCat/noon-images/main/images/noon/CardHolder/production/Van%20Gogh/Card%20Holder%20with%20Lanyard%20-%20Van%20Gogh%20-%20Starry%20Night%20A%20-%201.jpg
Card Holder Van Gogh,Card Holder with Lanyard - Van Gogh - Starry Night A - 2.jpg,https://raw.githubusercontent.com/SageCat/noon-images/main/images/noon/CardHolder/production/Van%20Gogh/Card%20Holder%20with%20Lanyard%20-%20Van%20Gogh%20-%20Starry%20Night%20A%20-%202.jpg
Card Holder Van Gogh,Card Holder with Lanyard - Van Gogh - Starry Night A - 3.jpg,https://raw.githubusercontent.com/SageCat/noon-images/main/images/noon/CardHolder/production/Van%20Gogh/Card%20Holder%20with%20Lanyard%20-%20Van%20Gogh%20-%20Starry%20Night%20A%20-%203.jpg
Card Holder Van Gogh,Card Holder with Lanyard - Van Gogh - Starry Night A - 4.jpg,https://raw.githubusercontent.com/SageCat/noon-images/main/images/noon/CardHolder/production/Van%20Gogh/Card%20Holder%20with%20Lanyard%20-%20Van%20Gogh%20-%20Starry%20Night%20A%20-%204.jpg
Card Holder Van Gogh,Card Holder with Lanyard - Van Gogh - Starry Night B - 1.jpg,https://raw.githubusercontent.com/SageCat/noon-images/main/images/noon/CardHolder/production/Van%20Gogh/Card%20Holder%20with%20Lanyard%20-%20Van%20Gogh%20-%20Starry%20Night%20B%20-%201.jpg
Card Holder Van Gogh,Card Holder with Lanyard - Van Gogh - Starry Night B - 2.jpg,https://raw.githubusercontent.com/SageCat/noon-images/main/images/noon/CardHolder/production/Van%20Gogh/Card%20Holder%20with%20Lanyard%20-%20Van%20Gogh%20-%20Starry%20Night%20B%20-%202.jpg
Card Holder Van Gogh,Card Holder with Lanyard - Van Gogh - Starry Night B - 3.jpg,https://raw.githubusercontent.com/SageCat/noon-images/main/images/noon/CardHolder/production/Van%20Gogh/Card%20Holder%20with%20Lanyard%20-%20Van%20Gogh%20-%20Starry%20Night%20B%20-%203.jpg
Card Holder Van Gogh,Card Holder with Lanyard - Van Gogh - Starry Night B - 4.jpg,https://raw.githubusercontent.com/SageCat/noon-images/main/images/noon/CardHolder/production/Van%20Gogh/Card%20Holder%20with%20Lanyard%20-%20Van%20Gogh%20-%20Starry%20Night%20B%20-%204.jpg
Card Holder Van Gogh,Card Holder with Lanyard - Van Gogh - Starry Night over the Rhone - 1.jpg,https://raw.githubusercontent.com/SageCat/noon-images/main/images/noon/CardHolder/production/Van%20Gogh/Card%20Holder%20with%20Lanyard%20-%20Van%20Gogh%20-%20Starry%20Night%20over%20the%20Rhone%20-%201.jpg
Card Holder Van Gogh,Card Holder with Lanyard - Van Gogh - Starry Night over the Rhone - 2.jpg,https://raw.githubusercontent.com/SageCat/noon-images/main/images/noon/CardHolder/production/Van%20Gogh/Card%20Holder%20with%20Lanyard%20-%20Van%20Gogh%20-%20Starry%20Night%20over%20the%20Rhone%20-%202.jpg
Card Holder Van Gogh,Card Holder with Lanyard - Van Gogh - Starry Night over the Rhone - 3.jpg,https://raw.githubusercontent.com/SageCat/noon-images/main/images/noon/CardHolder/production/Van%20Gogh/Card%20Holder%20with%20Lanyard%20-%20Van%20Gogh%20-%20Starry%20Night%20over%20the%20Rhone%20-%203.jpg
Card Holder Van Gogh,Card Holder with Lanyard - Van Gogh - Starry Night over the Rhone - 4.jpg,https://raw.githubusercontent.com/SageCat/noon-images/main/images/noon/CardHolder/production/Van%20Gogh/Card%20Holder%20with%20Lanyard%20-%20Van%20Gogh%20-%20Starry%20Night%20over%20the%20Rhone%20-%204.jpg
Card Holder Van Gogh,Card Holder with Lanyard - Van Gogh - Sunflowers A - 1.jpg,https://raw.githubusercontent.com/SageCat/noon-images/main/images/noon/CardHolder/production/Van%20Gogh/Card%20Holder%20with%20Lanyard%20-%20Van%20Gogh%20-%20Sunflowers%20A%20-%201.jpg
Card Holder Van Gogh,Card Holder with Lanyard - Van Gogh - Sunflowers A - 2.jpg,https://raw.githubusercontent.com/SageCat/noon-images/main/images/noon/CardHolder/production/Van%20Gogh/Card%20Holder%20with%20Lanyard%20-%20Van%20Gogh%20-%20Sunflowers%20A%20-%202.jpg
Card Holder Van Gogh,Card Holder with Lanyard - Van Gogh - Sunflowers A - 3.jpg,https://raw.githubusercontent.com/SageCat/noon-images/main/images/noon/CardHolder/production/Van%20Gogh/Card%20Holder%20with%20Lanyard%20-%20Van%20Gogh%20-%20Sunflowers%20A%20-%203.jpg
Card Holder Van Gogh,Card Holder with Lanyard - Van Gogh - Sunflowers A - 4.jpg,https://raw.githubusercontent.com/SageCat/noon-images/main/images/noon/CardHolder/production/Van%20Gogh/Card%20Holder%20with%20Lanyard%20-%20Van%20Gogh%20-%20Sunflowers%20A%20-%204.jpg
Card Holder Van Gogh,Card Holder with Lanyard - Van Gogh - Sunflowers B - 1.jpg,https://raw.githubusercontent.com/SageCat/noon-images/main/images/noon/CardHolder/production/Van%20Gogh/Card%20Holder%20with%20Lanyard%20-%20Van%20Gogh%20-%20Sunflowers%20B%20-%201.jpg
Card Holder Van Gogh,Card Holder with Lanyard - Van Gogh - Sunflowers B - 2.jpg,https://raw.githubusercontent.com/SageCat/noon-images/main/images/noon/CardHolder/production/Van%20Gogh/Card%20Holder%20with%20Lanyard%20-%20Van%20Gogh%20-%20Sunflowers%20B%20-%202.jpg
Card Holder Van Gogh,Card Holder with Lanyard - Van Gogh - Sunflowers B - 3.jpg,https://raw.githubusercontent.com/SageCat/noon-images/main/images/noon/CardHolder/production/Van%20Gogh/Card%20Holder%20with%20Lanyard%20-%20Van%20Gogh%20-%20Sunflowers%20B%20-%203.jpg
Card Holder Van Gogh,Card Holder with Lanyard - Van Gogh - Sunflowers B - 4.jpg,https://raw.githubusercontent.com/SageCat/noon-images/main/images/noon/CardHolder/production/Van%20Gogh/Card%20Holder%20with%20Lanyard%20-%20Van%20Gogh%20-%20Sunflowers%20B%20-%204.jpg
Card Holder Totoro,Card Holder with Lanyard - Totoro - 1.jpg,https://raw.githubusercontent.com/SageCat/noon-images/main/images/noon/CardHolder/production/Totoro/Card%20Holder%20with%20Lanyard%20-%20Totoro%20-%201.jpg
Card Holder Totoro,Card Holder with Lanyard - Totoro - 2.jpg,https://raw.githubusercontent.com/SageCat/noon-images/main/images/noon/CardHolder/production/Totoro/Card%20Holder%20with%20Lanyard%20-%20Totoro%20-%202.jpg
Card Holder Totoro,Card Holder with Lanyard - Totoro - 3.jpg,https://raw.githubusercontent.com/SageCat/noon-images/main/images/noon/CardHolder/production/Totoro/Card%20Holder%20with%20Lanyard%20-%20Totoro%20-%203.jpg
Card Holder Totoro,Card Holder with Lanyard - Totoro and Rabbit - 1.jpg,https://raw.githubusercontent.com/SageCat/noon-images/main/images/noon/CardHolder/production/Totoro/Card%20Holder%20with%20Lanyard%20-%20Totoro%20and%20Rabbit%20-%201.jpg
Card Holder Totoro,Card Holder with Lanyard - Totoro and Rabbit - 2.jpg,https://raw.githubusercontent.com/SageCat/noon-images/main/images/noon/CardHolder/production/Totoro/Card%20Holder%20with%20Lanyard%20-%20Totoro%20and%20Rabbit%20-%202.jpg
Card Holder Totoro,Card Holder with Lanyard - Totoro and Rabbit - 3.jpg,https://raw.githubusercontent.com/SageCat/noon-images/main/images/noon/CardHolder/production/Totoro/Card%20Holder%20with%20Lanyard%20-%20Totoro%20and%20Rabbit%20-%203.jpg
Card Holder Totoro,Card Holder with Lanyard - Totoro and Snorlax - 1.jpg,https://raw.githubusercontent.com/SageCat/noon-images/main/images/noon/CardHolder/production/Totoro/Card%20Holder%20with%20Lanyard%20-%20Totoro%20and%20Snorlax%20-%201.jpg
Card Holder Totoro,Card Holder with Lanyard - Totoro and Snorlax - 2.jpg,https://raw.githubusercontent.com/SageCat/noon-images/main/images/noon/CardHolder/production/Totoro/Card%20Holder%20with%20Lanyard%20-%20Totoro%20and%20Snorlax%20-%202.jpg
Card Holder Totoro,Card Holder with Lanyard - Totoro and Snorlax - 3.jpg,https://raw.githubusercontent.com/SageCat/noon-images/main/images/noon/CardHolder/production/Totoro/Card%20Holder%20with%20Lanyard%20-%20Totoro%20and%20Snorlax%20-%203.jpg
Card Holder Totoro,Card Holder with Lanyard - Totoro and the Mysterious Girl - 1.jpg,https://raw.githubusercontent.com/SageCat/noon-images/main/images/noon/CardHolder/production/Totoro/Card%20Holder%20with%20Lanyard%20-%20Totoro%20and%20the%20Mysterious%20Girl%20-%201.jpg
Card Holder Totoro,Card Holder with Lanyard - Totoro and the Mysterious Girl - 2.jpg,https://raw.githubusercontent.com/SageCat/noon-images/main/images/noon/CardHolder/production/Totoro/Card%20Holder%20with%20Lanyard%20-%20Totoro%20and%20the%20Mysterious%20Girl%20-%202.jpg
Card Holder Totoro,Card Holder with Lanyard - Totoro and the Mysterious Girl - 3.jpg,https://raw.githubusercontent.com/SageCat/noon-images/main/images/noon/CardHolder/production/Totoro/Card%20Holder%20with%20Lanyard%20-%20Totoro%20and%20the%20Mysterious%20Girl%20-%203.jpg
Card Holder Totoro,Card Holder with Lanyard - Totoro on Grassland - 1.jpg,https://raw.githubusercontent.com/SageCat/noon-images/main/images/noon/CardHolder/production/Totoro/Card%20Holder%20with%20Lanyard%20-%20Totoro%20on%20Grassland%20-%201.jpg
Card Holder Totoro,Card Holder with Lanyard - Totoro on Grassland - 2.jpg,https://raw.githubusercontent.com/SageCat/noon-images/main/images/noon/CardHolder/production/Totoro/Card%20Holder%20with%20Lanyard%20-%20Totoro%20on%20Grassland%20-%202.jpg
Card Holder Totoro,Card Holder with Lanyard - Totoro on Grassland - 3.jpg,https://raw.githubusercontent.com/SageCat/noon-images/main/images/noon/CardHolder/production/Totoro/Card%20Holder%20with%20Lanyard%20-%20Totoro%20on%20Grassland%20-%203.jpg
Card Holder Totoro,Card Holder with Wrist Strap - Totoro - 1.jpg,https://raw.githubusercontent.com/SageCat/noon-images/main/images/noon/CardHolder/production/Totoro/Card%20Holder%20with%20Wrist%20Strap%20-%20Totoro%20-%201.jpg
Card Holder Totoro,Card Holder with Wrist Strap - Totoro - 2.jpg,https://raw.githubusercontent.com/SageCat/noon-images/main/images/noon/CardHolder/production/Totoro/Card%20Holder%20with%20Wrist%20Strap%20-%20Totoro%20-%202.jpg
Card Holder Totoro,Card Holder with Wrist Strap - Totoro - 3.jpg,https://raw.githubusercontent.com/SageCat/noon-images/main/images/noon/CardHolder/production/Totoro/Card%20Holder%20with%20Wrist%20Strap%20-%20Totoro%20-%203.jpg
Card Holder Totoro,Card Holder with Wrist Strap - Totoro and Rabbit - 1.jpg,https://raw.githubusercontent.com/SageCat/noon-images/main/images/noon/CardHolder/production/Totoro/Card%20Holder%20with%20Wrist%20Strap%20-%20Totoro%20and%20Rabbit%20-%201.jpg
Card Holder Totoro,Card Holder with Wrist Strap - Totoro and Rabbit - 2.jpg,https://raw.githubusercontent.com/SageCat/noon-images/main/images/noon/CardHolder/production/Totoro/Card%20Holder%20with%20Wrist%20Strap%20-%20Totoro%20and%20Rabbit%20-%202.jpg
Card Holder Totoro,Card Holder with Wrist Strap - Totoro and Rabbit - 3.jpg,https://raw.githubusercontent.com/SageCat/noon-images/main/images/noon/CardHolder/production/Totoro/Card%20Holder%20with%20Wrist%20Strap%20-%20Totoro%20and%20Rabbit%20-%203.jpg
Card Holder Totoro,Card Holder with Wrist Strap - Totoro and Snorlax - 1.jpg,https://raw.githubusercontent.com/SageCat/noon-images/main/images/noon/CardHolder/production/Totoro/Card%20Holder%20with%20Wrist%20Strap%20-%20Totoro%20and%20Snorlax%20-%201.jpg
Card Holder Totoro,Card Holder with Wrist Strap - Totoro and Snorlax - 2.jpg,https://raw.githubusercontent.com/SageCat/noon-images/main/images/noon/CardHolder/production/Totoro/Card%20Holder%20with%20Wrist%20Strap%20-%20Totoro%20and%20Snorlax%20-%202.jpg
Card Holder Totoro,Card Holder with Wrist Strap - Totoro and Snorlax - 3.jpg,https://raw.githubusercontent.com/SageCat/noon-images/main/images/noon/CardHolder/production/Totoro/Card%20Holder%20with%20Wrist%20Strap%20-%20Totoro%20and%20Snorlax%20-%203.jpg
Card Holder Totoro,Card Holder with Wrist Strap - Totoro and the Mysterious Girl - 1.jpg,https://raw.githubusercontent.com/SageCat/noon-images/main/images/noon/CardHolder/production/Totoro/Card%20Holder%20with%20Wrist%20Strap%20-%20Totoro%20and%20the%20Mysterious%20Girl%20-%201.jpg
Card Holder Totoro,Card Holder with Wrist Strap - Totoro and the Mysterious Girl - 2.jpg,https://raw.githubusercontent.com/SageCat/noon-images/main/images/noon/CardHolder/production/Totoro/Card%20Holder%20with%20Wrist%20Strap%20-%20Totoro%20and%20the%20Mysterious%20Girl%20-%202.jpg
Card Holder Totoro,Card Holder with Wrist Strap - Totoro and the Mysterious Girl - 3.jpg,https://raw.githubusercontent.com/SageCat/noon-images/main/images/noon/CardHolder/production/Totoro/Card%20Holder%20with%20Wrist%20Strap%20-%20Totoro%20and%20the%20Mysterious%20Girl%20-%203.jpg
Card Holder Totoro,Card Holder with Wrist Strap - Totoro on Grassland - 1.jpg,https://raw.githubusercontent.com/SageCat/noon-images/main/images/noon/CardHolder/production/Totoro/Card%20Holder%20with%20Wrist%20Strap%20-%20Totoro%20on%20Grassland%20-%201.jpg
Card Holder Totoro,Card Holder with Wrist Strap - Totoro on Grassland - 2.jpg,https://raw.githubusercontent.com/SageCat/noon-images/main/images/noon/CardHolder/production/Totoro/Card%20Holder%20with%20Wrist%20Strap%20-%20Totoro%20on%20Grassland%20-%202.jpg
Card Holder Totoro,Card Holder with Wrist Strap - Totoro on Grassland - 3.jpg,https://raw.githubusercontent.com/SageCat/noon-images/main/images/noon/CardHolder/production/Totoro/Card%20Holder%20with%20Wrist%20Strap%20-%20Totoro%20on%20Grassland%20-%203.jpg
